,index,r2_score,MAE,MSE,RMSE
0,train,0.50213616197409,3032.9703256098105,93735196.42948252,9681.693882244084
1,test,0.4573230839310057,3054.3486052323847,188102431.6064093,13715.04398849706
