,index,r2_score,MAE,MSE,RMSE
0,train,0.5200844911334922,3349.459525136205,90355978.9992541,9505.5762055361
1,test,0.7095408000041141,3340.019286610565,100678838.88897946,10033.88453635876
