,index,r2_score,MAE,MSE,RMSE
0,train,0.5657642187710897,2967.8946327317863,81755639.0751228,9041.882496201928
1,test,0.7315175842142411,2961.972957759252,93061255.70751858,9646.826198678951
