,index,r2_score,MAE,MSE,RMSE
0,train,0.5747940871250626,2938.9717637301064,80055542.74507369,8947.37630510049
1,test,0.733925311117841,2939.9067953344984,92226690.4776356,9603.472834221771
