,index,r2_score,MAE,MSE,RMSE
0,train,0.6023139742253709,2761.5033202756067,74874242.5058498,8652.990379391958
1,test,0.739306853114241,2774.9671615429947,90361342.78116904,9505.858340053728
