,r2_score,MAE,MSE,RMSE
train,0.6026050930368279,2754.782377779691,74819432.18043143,8649.822667571367
test,0.7394570032976013,2768.151099246309,90309297.79130511,9503.120423908407
